{"mean":{"confidence_interval":{"confidence_level":0.95,"lower_bound":48.89881545275429,"upper_bound":49.49317919203067},"point_estimate":49.12625870040034,"standard_error":0.15882972170972276},"median":{"confidence_interval":{"confidence_level":0.95,"lower_bound":48.79814701787179,"upper_bound":48.93427418243932},"point_estimate":48.85641278195288,"standard_error":0.03297528170973026},"median_abs_dev":{"confidence_interval":{"confidence_level":0.95,"lower_bound":0.16507757558485747,"upper_bound":0.30670460798767024},"point_estimate":0.21669078032398723,"standard_error":0.03579547639188301},"slope":{"confidence_interval":{"confidence_level":0.95,"lower_bound":48.81829042277644,"upper_bound":49.08383244786541},"point_estimate":48.9296457759761,"standard_error":0.0685595324198864},"std_dev":{"confidence_interval":{"confidence_level":0.95,"lower_bound":0.2790360291806318,"upper_bound":2.6494404522787613},"point_estimate":1.5939767894597516,"standard_error":0.7362192445447323}}