{"mean":{"confidence_interval":{"confidence_level":0.95,"lower_bound":110.65765465118784,"upper_bound":111.3923778200259},"point_estimate":110.96131603217346,"standard_error":0.19064175911237857},"median":{"confidence_interval":{"confidence_level":0.95,"lower_bound":110.3883513749991,"upper_bound":110.65006360236688},"point_estimate":110.493596000532,"standard_error":0.0709421038368425},"median_abs_dev":{"confidence_interval":{"confidence_level":0.95,"lower_bound":0.40059636953454364,"upper_bound":0.7486239688802674},"point_estimate":0.5414959396398881,"standard_error":0.09228227088588158},"slope":{"confidence_interval":{"confidence_level":0.95,"lower_bound":110.6960135454415,"upper_bound":111.21882245467933},"point_estimate":110.92983199452145,"standard_error":0.13359980301874738},"std_dev":{"confidence_interval":{"confidence_level":0.95,"lower_bound":0.7191409389924401,"upper_bound":3.0390610224130574},"point_estimate":1.9159149207797428,"standard_error":0.7075334096198798}}