{"mean":{"confidence_interval":{"confidence_level":0.95,"lower_bound":17.076592305864242,"upper_bound":17.160055211205414},"point_estimate":17.116012107508965,"standard_error":0.02137686953611554},"median":{"confidence_interval":{"confidence_level":0.95,"lower_bound":17.035534085122997,"upper_bound":17.112904852805745},"point_estimate":17.076161244526205,"standard_error":0.01991007743343205},"median_abs_dev":{"confidence_interval":{"confidence_level":0.95,"lower_bound":0.1111847773710586,"upper_bound":0.18304725839366393},"point_estimate":0.14728367297656283,"standard_error":0.01850681951449803},"slope":{"confidence_interval":{"confidence_level":0.95,"lower_bound":17.074338785813534,"upper_bound":17.18663796000545},"point_estimate":17.125234757477042,"standard_error":0.028742040087507983},"std_dev":{"confidence_interval":{"confidence_level":0.95,"lower_bound":0.1484006407851512,"upper_bound":0.27561904481108235},"point_estimate":0.21491089734780947,"standard_error":0.03257810273257659}}