{"mean":{"confidence_interval":{"confidence_level":0.95,"lower_bound":26.31589112071705,"upper_bound":26.381709074095852},"point_estimate":26.341707353124356,"standard_error":0.017423668120690686},"median":{"confidence_interval":{"confidence_level":0.95,"lower_bound":26.302202830690646,"upper_bound":26.317920258238445},"point_estimate":26.310012214814165,"standard_error":0.004070595261055364},"median_abs_dev":{"confidence_interval":{"confidence_level":0.95,"lower_bound":0.026700742781793418,"upper_bound":0.04807569555634899},"point_estimate":0.036170771075084596,"standard_error":0.005618606924326968},"slope":{"confidence_interval":{"confidence_level":0.95,"lower_bound":26.32031357024344,"upper_bound":26.353016759001765},"point_estimate":26.335867990483774,"standard_error":0.008379541546936327},"std_dev":{"confidence_interval":{"confidence_level":0.95,"lower_bound":0.04713964847639998,"upper_bound":0.28665340527640965},"point_estimate":0.17467166245998358,"standard_error":0.07653406241499179}}