{"mean":{"confidence_interval":{"confidence_level":0.95,"lower_bound":67.12739634088648,"upper_bound":68.43547792966939},"point_estimate":67.63666430508692,"standard_error":0.34697031312817656},"median":{"confidence_interval":{"confidence_level":0.95,"lower_bound":66.84221893142184,"upper_bound":67.22332689115191},"point_estimate":67.04168356973958,"standard_error":0.10589022162395556},"median_abs_dev":{"confidence_interval":{"confidence_level":0.95,"lower_bound":0.5229147185211882,"upper_bound":0.9885782522344665},"point_estimate":0.7201402986853301,"standard_error":0.11601760522558022},"slope":{"confidence_interval":{"confidence_level":0.95,"lower_bound":67.16989235918513,"upper_bound":67.86819648787332},"point_estimate":67.46565307514386,"standard_error":0.18114621987522306},"std_dev":{"confidence_interval":{"confidence_level":0.95,"lower_bound":0.9001254535970304,"upper_bound":5.759578293376427},"point_estimate":3.490994505490433,"standard_error":1.5660865634729788}}