{"mean":{"confidence_interval":{"confidence_level":0.95,"lower_bound":201.84713539613026,"upper_bound":204.59089970980168},"point_estimate":202.95809322825338,"standard_error":0.718383776577921},"median":{"confidence_interval":{"confidence_level":0.95,"lower_bound":201.0491675178754,"upper_bound":202.33210670840907},"point_estimate":201.50010171676485,"standard_error":0.3664699549876149},"median_abs_dev":{"confidence_interval":{"confidence_level":0.95,"lower_bound":1.6287912699854046,"upper_bound":2.661938920290436},"point_estimate":2.083953841392942,"standard_error":0.2668440879088718},"slope":{"confidence_interval":{"confidence_level":0.95,"lower_bound":202.2384947329981,"upper_bound":203.8361023821889},"point_estimate":202.96109504621433,"standard_error":0.4072246972616446},"std_dev":{"confidence_interval":{"confidence_level":0.95,"lower_bound":2.2402719429839437,"upper_bound":11.639765311790393},"point_estimate":7.209364144817659,"standard_error":2.8823966799082275}}