{"mean":{"confidence_interval":{"confidence_level":0.95,"lower_bound":364.64886691072905,"upper_bound":367.54940285840246},"point_estimate":365.9959297727224,"standard_error":0.7406862297443721},"median":{"confidence_interval":{"confidence_level":0.95,"lower_bound":362.70793341954464,"upper_bound":363.91184252432265},"point_estimate":363.09081552753025,"standard_error":0.28681338310565424},"median_abs_dev":{"confidence_interval":{"confidence_level":0.95,"lower_bound":1.6329474952898213,"upper_bound":3.307790516638312},"point_estimate":2.10900846310486,"standard_error":0.4426041796582588},"slope":{"confidence_interval":{"confidence_level":0.95,"lower_bound":364.3788241908655,"upper_bound":368.2622383146421},"point_estimate":366.06663101166,"standard_error":1.0000891548152622},"std_dev":{"confidence_interval":{"confidence_level":0.95,"lower_bound":4.883451013611388,"upper_bound":9.899725389502127},"point_estimate":7.437211391395622,"standard_error":1.2996395305164623}}