{"mean":{"confidence_interval":{"confidence_level":0.95,"lower_bound":158.27154971000965,"upper_bound":159.26577424536825},"point_estimate":158.7306925918364,"standard_error":0.25339809519278805},"median":{"confidence_interval":{"confidence_level":0.95,"lower_bound":157.80596363636363,"upper_bound":158.64879832844576},"point_estimate":158.23171968361584,"standard_error":0.21562793334744873},"median_abs_dev":{"confidence_interval":{"confidence_level":0.95,"lower_bound":1.177141894345895,"upper_bound":2.031223034440734},"point_estimate":1.627950121498114,"standard_error":0.20510255273028696},"slope":{"confidence_interval":{"confidence_level":0.95,"lower_bound":158.10427029967914,"upper_bound":159.16275253497133},"point_estimate":158.56253798114378,"standard_error":0.27300570631141985},"std_dev":{"confidence_interval":{"confidence_level":0.95,"lower_bound":1.6234438489344698,"upper_bound":3.5677975830655995},"point_estimate":2.5518896131925204,"standard_error":0.5523293310625881}}