{"mean":{"confidence_interval":{"confidence_level":0.95,"lower_bound":753.3909149778458,"upper_bound":759.0639734927804},"point_estimate":755.8935924013158,"standard_error":1.463653505897916},"median":{"confidence_interval":{"confidence_level":0.95,"lower_bound":750.8178353658536,"upper_bound":752.2309546493902},"point_estimate":751.3205983231708,"standard_error":0.3616516535281693},"median_abs_dev":{"confidence_interval":{"confidence_level":0.95,"lower_bound":1.6321763831627958,"upper_bound":3.8625400666285494},"point_estimate":2.56637172798336,"standard_error":0.5659606083390014},"slope":{"confidence_interval":{"confidence_level":0.95,"lower_bound":752.7437592629544,"upper_bound":757.3312544467641},"point_estimate":754.6662283382051,"standard_error":1.1955194096715043},"std_dev":{"confidence_interval":{"confidence_level":0.95,"lower_bound":6.1438713066206985,"upper_bound":21.63787735868057},"point_estimate":14.677263177929726,"standard_error":4.037902632294132}}