{"mean":{"confidence_interval":{"confidence_level":0.95,"lower_bound":213.4352305944894,"upper_bound":218.31900887513387},"point_estimate":215.47621016850394,"standard_error":1.2809154113512178},"median":{"confidence_interval":{"confidence_level":0.95,"lower_bound":212.6110576952131,"upper_bound":213.46724276298335},"point_estimate":213.12399500303138,"standard_error":0.20282668416298988},"median_abs_dev":{"confidence_interval":{"confidence_level":0.95,"lower_bound":1.4256370639053118,"upper_bound":2.4127444354174608},"point_estimate":1.868986229037203,"standard_error":0.2589417290482972},"slope":{"confidence_interval":{"confidence_level":0.95,"lower_bound":213.22920021849492,"upper_bound":214.8050194914161},"point_estimate":213.92558579758992,"standard_error":0.4060469468051945},"std_dev":{"confidence_interval":{"confidence_level":0.95,"lower_bound":2.7159371087269792,"upper_bound":20.260547237749876},"point_estimate":12.866745341779254,"standard_error":4.758040589031777}}