{"mean":{"confidence_interval":{"confidence_level":0.95,"lower_bound":422.33484530677174,"upper_bound":425.504956941605},"point_estimate":423.7385718406729,"standard_error":0.8151739510827974},"median":{"confidence_interval":{"confidence_level":0.95,"lower_bound":420.86252771618626,"upper_bound":422.17181075700915},"point_estimate":421.47985979748523,"standard_error":0.32600669792289627},"median_abs_dev":{"confidence_interval":{"confidence_level":0.95,"lower_bound":1.3037016122312013,"upper_bound":2.7311438056824495},"point_estimate":1.9179497340818021,"standard_error":0.378803809020835},"slope":{"confidence_interval":{"confidence_level":0.95,"lower_bound":422.09601269501456,"upper_bound":424.1196852349987},"point_estimate":422.93897060535477,"standard_error":0.5248492215736068},"std_dev":{"confidence_interval":{"confidence_level":0.95,"lower_bound":3.102713990999445,"upper_bound":11.814925665067793},"point_estimate":8.201010021366674,"standard_error":2.1372665908889004}}